Jean,Sébastien,jeans,jean/Metge,Cécile,metgec,metge/Lucci,Alain,luccia,lucci/Charensol,Sylvain,charensols,charensol/Objois,Philippe,objoisp,objois/Occello,Michel,occellom,occello/Constant,Blandine,constanb,constant/Lagreze,André,lagrezea,lagreze/Boulle,Didier,boulled,boulle/Sabatier,Jean Marc,sabatiej,sabatier/De Sauza,Guillaume,desauzag,desauza/Mercier,Annabelle,merciera,mercier