Zurcher,Theo,D,2,29,zurchert,zurcher/Rico,Simon,D,2,28,ricos,rico/Lafont,Anthony,D,2,27,lafonta,lafont/Klimczak,Mathis,D,2,26,klimczam,klimczak/Garayt,Lea,D,2,25,garaytl,garayt/Litzburger,Remi,C,2,30,litzburr,litzburger/Jondet,Charlotte,C,2,24,jondetc,jondet/Guezel,Clement,C,2,23,guezelc,guezel/Coste,Louis,C,2,22,costel,coste/Combe,Arthur,C,2,21,combea,combe/Montcarmel,Elodie,A,1,20,montcare,montcarmel/Leprunier,Hugo,A,1,19,leprunih,leprunier/Lacondemine,Virgil,A,1,18,lacondev,lacondemine/Bourdon,Laetitia,A,1,17,bourdonl,bourdon/Bara,Jeremy,A,1,16,baraj,bara/Mouton,Antoine,B,1,15,moutona,mouton/Chay,Corentin,B,1,14,chayc,chay/Bergese,Sebastien,B,1,13,bergeses,bergese/Vanbossel,Maxime,B,1,12,vanbossm,vanbossel/Leclerc,Julie,B,1,11,leclercj,leclerc/Barneoud,Hector,F,3,1,barneohe,barneoud/Bontempi,Virgil,F,3,2,bontempv,bontempi/Boulakhsoumi,Faris,F,3,3,boulakhf,boulakhsoumi/Cadet,Maxime,F,3,4,cadetm,cadet/Crozier,Numa,F,3,10,croziern,crozier/Poloce,Antoine,E,3,5,polocean,poloce/Maquinghen,Tanguy,E,3,6,manquint,maquinghen/Pradelle,Olivier,E,3,7,pradello,pradelle/Omel,Jocelyn,E,3,8,omelj,omel/Chambouvet Lauricella,Gaetan,E,3,9,chambouvg,chambouvet